{
    "metrics": {
        "checks": {
            "passes": 531,
            "fails": 105,
            "value": 0.8349056603773585
        },
        "iteration_duration": {
            "min": 338.3247,
            "med": 557.3185,
            "max": 1166.8251,
            "p(90)": 899.2334199999999,
            "p(95)": 985.1317499999998,
            "p(99)": 1093.1815980000001,
            "avg": 600.8365184466021
        },
        "http_req_duration{expected_response:true}": {
            "med": 81.1245,
            "max": 391.1047,
            "p(90)": 229.1469,
            "p(95)": 274.22825,
            "p(99)": 346.3506900000004,
            "avg": 109.02417702448216,
            "min": 29.6169
        },
        "http_req_tls_handshaking": {
            "min": 0,
            "med": 0,
            "max": 0,
            "p(90)": 0,
            "p(95)": 0,
            "p(99)": 0,
            "avg": 0
        },
        "data_sent": {
            "count": 144749,
            "rate": 10695.816711198888
        },
        "data_received": {
            "count": 524617,
            "rate": 38765.08490959541
        },
        "vus_max": {
            "value": 300,
            "min": 300,
            "max": 300
        },
        "http_req_duration": {
            "p(99)": 337.9730549999999,
            "avg": 100.38882358490572,
            "min": 29.6169,
            "med": 68.3185,
            "max": 391.1047,
            "p(90)": 220.6033,
            "p(95)": 267.62620000000004,
            "thresholds": {
                "p(95)<3000": false
            }
        },
        "http_req_connecting": {
            "avg": 0.46796006289308173,
            "min": 0,
            "med": 0,
            "max": 35.9767,
            "p(90)": 0,
            "p(95)": 0,
            "p(99)": 31.31290999999999
        },
        "vus": {
            "value": 9,
            "min": 1,
            "max": 9
        },
        "http_req_blocked": {
            "p(90)": 0,
            "p(95)": 0,
            "p(99)": 31.914934999999982,
            "avg": 0.4823481132075472,
            "min": 0,
            "med": 0,
            "max": 36.3266
        },
        "group_duration": {
            "avg": 101.19636556603774,
            "min": 29.6169,
            "med": 69.0683,
            "max": 391.1047,
            "p(90)": 221.35375,
            "p(95)": 271.2224,
            "p(99)": 337.9730549999999
        },
        "http_req_waiting": {
            "p(95)": 267.509025,
            "p(99)": 337.72819999999984,
            "avg": 100.0385235849058,
            "min": 29.6169,
            "med": 67.748,
            "max": 390.7569,
            "p(90)": 220.2314
        },
        "http_req_sending": {
            "max": 0.9924,
            "p(90)": 0,
            "p(95)": 0,
            "p(99)": 0.6601899999999999,
            "avg": 0.02799795597484277,
            "min": 0,
            "med": 0
        },
        "http_req_receiving": {
            "min": 0,
            "med": 0,
            "max": 1.3601,
            "p(90)": 0.9652499999999999,
            "p(95)": 1.060175,
            "p(99)": 1.1982899999999999,
            "avg": 0.3223020440251572
        },
        "iterations": {
            "count": 103,
            "rate": 7.610892795483806
        },
        "http_req_failed": {
            "passes": 105,
            "fails": 531,
            "thresholds": {
                "rate<0.05": true
            },
            "value": 0.1650943396226415
        },
        "http_reqs": {
            "count": 636,
            "rate": 46.99541570803593
        }
    },
    "root_group": {
        "name": "",
        "path": "",
        "id": "d41d8cd98f00b204e9800998ecf8427e",
        "groups": {
            "Get Schedules": {
                "name": "Get Schedules",
                "path": "::Get Schedules",
                "id": "1ff9489e4aecbab4130dffcc3e5cd03a",
                "groups": {},
                "checks": {
                        "load schedules success": {
                            "fails": 0,
                            "name": "load schedules success",
                            "path": "::Get Schedules::load schedules success",
                            "id": "d7930b0532faef923b00592c74568498",
                            "passes": 110
                        }
                    }
            },
            "Get Schedule by ID": {
                "name": "Get Schedule by ID",
                "path": "::Get Schedule by ID",
                "id": "a3cc98a0b6f4e50a23ff0d152a3caf5f",
                "groups": {},
                "checks": {
                        "load class success": {
                            "name": "load class success",
                            "path": "::Get Schedule by ID::load class success",
                            "id": "1749ff3bd43cceb661ed4207b608ebd1",
                            "passes": 108,
                            "fails": 0
                        }
                    }
            },
            "Claim Lock": {
                "name": "Claim Lock",
                "path": "::Claim Lock",
                "id": "17097546a3fc691b5c0f8d9ca6060e51",
                "groups": {},
                "checks": {
                        "claim lock success": {
                            "passes": 105,
                            "fails": 0,
                            "name": "claim lock success",
                            "path": "::Claim Lock::claim lock success",
                            "id": "285d7793f111caa953d1c803e4a70a97"
                        }
                    }
            },
            "Claim Entry": {
                "checks": {
                    "claim entry success": {
                        "name": "claim entry success",
                        "path": "::Claim Entry::claim entry success",
                        "id": "11cbf43e5ec4ddf6af6487213c5868f2",
                        "passes": 0,
                        "fails": 105
                    }
                },
                "name": "Claim Entry",
                "path": "::Claim Entry",
                "id": "7127c92ddd7507150af1be4973a1cc3e",
                "groups": {}
            },
            "Get Booking by Order ID": {
                "path": "::Get Booking by Order ID",
                "id": "faf20d84412f46bc411ba244c0948efe",
                "groups": {},
                "checks": {
                        "get booking success": {
                            "id": "7c912f6fb073f95581b95bef5877d45c",
                            "passes": 105,
                            "fails": 0,
                            "name": "get booking success",
                            "path": "::Get Booking by Order ID::get booking success"
                        }
                    },
                "name": "Get Booking by Order ID"
            },
            "Payment Callback": {
                "groups": {},
                "checks": {
                        "payment callback success": {
                            "name": "payment callback success",
                            "path": "::Payment Callback::payment callback success",
                            "id": "f2deffc63907886ea9be899578726ab0",
                            "passes": 103,
                            "fails": 0
                        }
                    },
                "name": "Payment Callback",
                "path": "::Payment Callback",
                "id": "7f0747d5b7ab2dc2964e62eb9d76d72f"
            }
        },
        "checks": {}
    }
}