{
    "metrics": {
        "http_req_duration": {
            "max": 30029.2782,
            "p(90)": 5255.453160000002,
            "p(95)": 7100.164959999997,
            "p(99)": 11353.324147999996,
            "avg": 2142.305922146192,
            "min": 31.3232,
            "med": 1260.8132,
            "thresholds": {
                "p(95)<1000": true
            }
        },
        "http_req_blocked": {
            "p(95)": 0,
            "p(99)": 0.41971199999999953,
            "avg": 0.17595777906199767,
            "min": 0,
            "med": 0,
            "max": 39.0832,
            "p(90)": 0
        },
        "group_duration": {
            "med": 1261.2715,
            "max": 30029.2782,
            "p(90)": 5255.453160000002,
            "p(95)": 7100.557239999991,
            "p(99)": 11354.017291999997,
            "avg": 2142.697027782508,
            "min": 31.3232
        },
        "http_req_connecting": {
            "p(95)": 0,
            "p(99)": 0,
            "avg": 0.1719522059487475,
            "min": 0,
            "med": 0,
            "max": 39.0832,
            "p(90)": 0
        },
        "vus_max": {
            "min": 300,
            "max": 300,
            "value": 300
        },
        "data_sent": {
            "count": 12686104,
            "rate": 21139.76493884237
        },
        "http_req_sending": {
            "max": 1.9129,
            "p(90)": 0,
            "p(95)": 0,
            "p(99)": 0.6680839999999997,
            "avg": 0.015415729687753961,
            "min": 0,
            "med": 0
        },
        "iterations": {
            "count": 9228,
            "rate": 15.377278229442027
        },
        "checks": {
            "fails": 25,
            "passes": 55348,
            "value": 0.9995485164249724
        },
        "http_req_failed": {
            "fails": 55348,
            "passes": 25,
            "thresholds": {
                "rate<0.01": false
            },
            "value": 0.0004514835750275405
        },
        "http_reqs": {
            "count": 55373,
            "rate": 92.27200123525068
        },
        "vus": {
            "value": 3,
            "min": 1,
            "max": 300
        },
        "data_received": {
            "count": 46095642,
            "rate": 76812.47423046744
        },
        "iteration_duration": {
            "p(95)": 27297.75070499999,
            "p(99)": 34711.27781299999,
            "avg": 12854.411678716928,
            "min": 376.4018,
            "med": 12282.407050000002,
            "max": 52142.0264,
            "p(90)": 23610.558300000033
        },
        "http_req_receiving": {
            "min": 0,
            "med": 0,
            "max": 6.6928,
            "p(90)": 0.879,
            "p(95)": 0.9923199999999982,
            "p(99)": 1.1037279999999998,
            "avg": 0.23911353547757877
        },
        "http_req_waiting": {
            "med": 1260.7157,
            "max": 30029.2782,
            "p(90)": 5255.336760000004,
            "p(95)": 7100.164959999997,
            "p(99)": 11353.324147999996,
            "avg": 2142.051392881018,
            "min": 31.3232
        },
        "http_req_duration{expected_response:true}": {
            "med": 1260.77865,
            "max": 29638.7113,
            "p(90)": 5254.501500000001,
            "p(95)": 7100.296684999997,
            "p(99)": 11351.221270999999,
            "avg": 2141.7615294879874,
            "min": 31.3232
        },
        "http_req_tls_handshaking": {
            "p(90)": 0,
            "p(95)": 0,
            "p(99)": 0,
            "avg": 0,
            "min": 0,
            "med": 0,
            "max": 0
        }
    },
    "root_group": {
        "name": "",
        "path": "",
        "id": "d41d8cd98f00b204e9800998ecf8427e",
        "groups": {
            "Get Schedules": {
                "name": "Get Schedules",
                "path": "::Get Schedules",
                "id": "1ff9489e4aecbab4130dffcc3e5cd03a",
                "groups": {},
                "checks": {
                        "load schedules success": {
                            "name": "load schedules success",
                            "path": "::Get Schedules::load schedules success",
                            "id": "d7930b0532faef923b00592c74568498",
                            "passes": 9228,
                            "fails": 1
                        }
                    }
            },
            "Get Schedule Quota": {
                "name": "Get Schedule Quota",
                "path": "::Get Schedule Quota",
                "id": "42a07006c9812257736e46f652cc6595",
                "groups": {},
                "checks": {
                        "load class success": {
                            "name": "load class success",
                            "path": "::Get Schedule Quota::load class success",
                            "id": "915bfb5713958847f91cb63bce93430c",
                            "passes": 9229,
                            "fails": 0
                        }
                    }
            },
            "Claim Lock": {
                "checks": {
                    "claim lock success": {
                        "name": "claim lock success",
                        "path": "::Claim Lock::claim lock success",
                        "id": "285d7793f111caa953d1c803e4a70a97",
                        "passes": 9229,
                        "fails": 0
                    }
                },
                "name": "Claim Lock",
                "path": "::Claim Lock",
                "id": "17097546a3fc691b5c0f8d9ca6060e51",
                "groups": {}
            },
            "Claim Entry": {
                "path": "::Claim Entry",
                "id": "7127c92ddd7507150af1be4973a1cc3e",
                "groups": {},
                "checks": {
                        "claim entry success": {
                            "passes": 9221,
                            "fails": 8,
                            "name": "claim entry success",
                            "path": "::Claim Entry::claim entry success",
                            "id": "11cbf43e5ec4ddf6af6487213c5868f2"
                        }
                    },
                "name": "Claim Entry"
            },
            "Callback Payment": {
                "name": "Callback Payment",
                "path": "::Callback Payment",
                "id": "71206a68c53e13c9029bd515f47a6834",
                "groups": {},
                "checks": {
                        "payment success": {
                            "name": "payment success",
                            "path": "::Callback Payment::payment success",
                            "id": "27b0263a2abc4335495dc0dda25719fd",
                            "passes": 9221,
                            "fails": 8
                        }
                    }
            },
            "Get Booking": {
                "name": "Get Booking",
                "path": "::Get Booking",
                "id": "f773a3401dccba94d6ce3074214fc97d",
                "groups": {},
                "checks": {
                        "get booking success": {
                            "name": "get booking success",
                            "path": "::Get Booking::get booking success",
                            "id": "0279eac6cfbba0d224bc0b30f9e26cc5",
                            "passes": 9220,
                            "fails": 8
                        }
                    }
            }
        },
        "checks": {}
    }
}