{
    "metrics": {
        "http_req_tls_handshaking": {
            "min": 0,
            "med": 0,
            "max": 0,
            "p(90)": 0,
            "p(95)": 0,
            "p(99)": 0,
            "avg": 0
        },
        "vus": {
            "value": 1,
            "min": 1,
            "max": 200
        },
        "http_reqs": {
            "count": 24600,
            "rate": 80.12551603458391
        },
        "http_req_receiving": {
            "avg": 0.2059349959349595,
            "min": 0,
            "med": 0,
            "max": 3.3896,
            "p(90)": 0.8171100000000002,
            "p(95)": 0.969,
            "p(99)": 1.096801
        },
        "data_received": {
            "count": 20490359,
            "rate": 66739.86132556426
        },
        "vus_max": {
            "max": 200,
            "value": 200,
            "min": 200
        },
        "http_req_failed": {
            "passes": 13,
            "fails": 24587,
            "thresholds": {
                "rate<0.05": false
            },
            "value": 0.0005284552845528455
        },
        "http_req_blocked": {
            "p(95)": 0,
            "p(99)": 0.35596899999997295,
            "avg": 0.28491524796747963,
            "min": 0,
            "med": 0,
            "max": 1040.2994,
            "p(90)": 0
        },
        "http_req_sending": {
            "min": 0,
            "med": 0,
            "max": 1.6001,
            "p(90)": 0,
            "p(95)": 0,
            "p(99)": 0.34890699999999886,
            "avg": 0.006533617886178861
        },
        "http_req_connecting": {
            "p(95)": 0,
            "p(99)": 0,
            "avg": 0.2827274959349594,
            "min": 0,
            "med": 0,
            "max": 1040.2994,
            "p(90)": 0
        },
        "group_duration": {
            "p(90)": 3381.7561800000008,
            "p(95)": 4256.541839999999,
            "p(99)": 4951.885238,
            "avg": 1525.6714333861755,
            "min": 153.9082,
            "med": 1073.0885,
            "max": 29675.0871
        },
        "data_sent": {
            "count": 5629851,
            "rate": 18337.183600521068
        },
        "iterations": {
            "count": 4100,
            "rate": 13.354252672430652
        },
        "http_req_waiting": {
            "max": 28673.8933,
            "p(90)": 406.45250000000027,
            "p(95)": 552.8297999999999,
            "p(99)": 876.4568269999992,
            "avg": 185.30659897967433,
            "min": 0,
            "med": 64.39959999999999
        },
        "checks": {
            "fails": 13,
            "passes": 24587,
            "value": 0.9994715447154472
        },
        "http_req_duration": {
            "p(99)": 876.9786369999993,
            "avg": 185.5190675934941,
            "min": 0,
            "med": 64.56805,
            "max": 28674.9142,
            "p(90)": 406.45250000000027,
            "p(95)": 552.8297999999999,
            "thresholds": {
                "p(95)<3000": false
            }
        },
        "iteration_duration": {
            "max": 36909.3082,
            "p(90)": 10278.65359,
            "p(95)": 10640.345899999998,
            "p(99)": 16007.016662999717,
            "avg": 9154.075447390249,
            "min": 6328.3069,
            "med": 8997.72255
        },
        "http_req_duration{expected_response:true}": {
            "max": 28674.9142,
            "p(90)": 406.48940000000016,
            "p(95)": 552.8123299999999,
            "p(99)": 875.8525159999992,
            "avg": 185.53722087281716,
            "min": 24.7112,
            "med": 64.5746
        }
    },
    "root_group": {
        "name": "",
        "path": "",
        "id": "d41d8cd98f00b204e9800998ecf8427e",
        "groups": {
            "Get schedules": {
                "name": "Get schedules",
                "path": "::Get schedules",
                "id": "617a9c7647887fd8396544679a724795",
                "groups": {},
                "checks": {
                        "load schedules success": {
                            "name": "load schedules success",
                            "path": "::Get schedules::load schedules success",
                            "id": "60389d41019553324759fd07da572886",
                            "passes": 4099,
                            "fails": 1
                        }
                    }
            },
            "Get Schedule By ID": {
                "name": "Get Schedule By ID",
                "path": "::Get Schedule By ID",
                "id": "896086d2a455791a8761a1e55c47213c",
                "groups": {},
                "checks": {
                        "load class success": {
                            "id": "30a00fc8e8fe4095a24c75b3c31c80a6",
                            "passes": 4100,
                            "fails": 0,
                            "name": "load class success",
                            "path": "::Get Schedule By ID::load class success"
                        }
                    }
            },
            "Claim Lock": {
                "groups": {},
                "checks": {
                        "claim lock success": {
                            "id": "285d7793f111caa953d1c803e4a70a97",
                            "passes": 4100,
                            "fails": 0,
                            "name": "claim lock success",
                            "path": "::Claim Lock::claim lock success"
                        }
                    },
                "name": "Claim Lock",
                "path": "::Claim Lock",
                "id": "17097546a3fc691b5c0f8d9ca6060e51"
            },
            "Claim Entry": {
                "path": "::Claim Entry",
                "id": "7127c92ddd7507150af1be4973a1cc3e",
                "groups": {},
                "checks": {
                        "claim entry success": {
                            "passes": 4096,
                            "fails": 4,
                            "name": "claim entry success",
                            "path": "::Claim Entry::claim entry success",
                            "id": "11cbf43e5ec4ddf6af6487213c5868f2"
                        }
                    },
                "name": "Claim Entry"
            },
            "Payment Callback": {
                "checks": {
                    "payment success": {
                        "name": "payment success",
                        "path": "::Payment Callback::payment success",
                        "id": "a56755b84ce5674d11a296334e8a0919",
                        "passes": 4096,
                        "fails": 4
                    }
                },
                "name": "Payment Callback",
                "path": "::Payment Callback",
                "id": "7f0747d5b7ab2dc2964e62eb9d76d72f",
                "groups": {}
            },
            "Get Booking": {
                "name": "Get Booking",
                "path": "::Get Booking",
                "id": "f773a3401dccba94d6ce3074214fc97d",
                "groups": {},
                "checks": {
                        "get booking success": {
                            "fails": 4,
                            "name": "get booking success",
                            "path": "::Get Booking::get booking success",
                            "id": "0279eac6cfbba0d224bc0b30f9e26cc5",
                            "passes": 4096
                        }
                    }
            }
        },
        "checks": {}
    }
}